Name,Phone,Address,Nearest of PSAP
Chase,3031641031,Elsalam ,Feisal
Spencer,9708467597,Elsalam ,Feisal
Strickland,5057889149,Elamal,Eltafikia
Brewer,7193492633,Elarbain,Elarbain
Nguyen,3038304204,ElSuze,Elsuze
McKenzie,9701593705,Faisal,Faisal
Chang,9708085402,Elmoslath,Faisal
Lawrence,9701629556,Eltwfikaia,Faisal
Swanson,5056711140,Elghariab,Elsuze
Pruitt,9706101454,Elsabah,Faisal
Schneider,5054734960,Elsalam ,Faisal
Porter,7191259179,Elsalam ,Faisal
Briggs,5056196095,Elamal,Eltafikia
Flowers,9707692593,Elarbain,Elarbain
Fletcher,9704077699,ElSuze,Elsuze
Gardner,5052163497,Faisal,Faisal
Dorsey,5056576057,Elmoslath,Faisal
Mullins,7197491979,Eltwfikaia,Faisal
Cunningham,9705295649,Elghariab,Elsuze
Navarro,5051919478,Elsabah,Faisal
